title,price,link
Superhost,"₸69,946 ",https://www.airbnb.com/rooms/1527431664446263195?search_mode=regular_search&adults=1&check_in=2025-12-04&check_out=2025-12-09&children=0&infants=0&pets=0&source_impression_id=p3_1764872140_P38owYWng15kftRH&previous_page_section_name=1000&federated_search_id=b460ada5-98f8-4baa-82fb-4a33bf1491e5
Guest favorite,"₸121,339",https://www.airbnb.com/rooms/1404970325710635880?search_mode=regular_search&adults=1&check_in=2025-12-06&check_out=2025-12-11&children=0&infants=0&pets=0&source_impression_id=p3_1764872141_P3pTY_FnWhTQi7hg&previous_page_section_name=1000&federated_search_id=b460ada5-98f8-4baa-82fb-4a33bf1491e5
Guest favorite,"₸130,841",https://www.airbnb.com/rooms/1105643512481493762?search_mode=regular_search&adults=1&check_in=2025-12-12&check_out=2025-12-17&children=0&infants=0&pets=0&source_impression_id=p3_1764872141_P3filRXN0nCCLKq0&previous_page_section_name=1000&federated_search_id=b460ada5-98f8-4baa-82fb-4a33bf1491e5
Top guest favorite,"₸146,158",https://www.airbnb.com/rooms/1367707829015632606?search_mode=regular_search&adults=1&check_in=2025-12-16&check_out=2025-12-21&children=0&infants=0&pets=0&source_impression_id=p3_1764872141_P3V4IsL5KpFXH-zb&previous_page_section_name=1000&federated_search_id=b460ada5-98f8-4baa-82fb-4a33bf1491e5
Superhost,"₸163,393 ",https://www.airbnb.com/rooms/1565072585808269350?search_mode=regular_search&adults=1&check_in=2025-12-04&check_out=2025-12-09&children=0&infants=0&pets=0&source_impression_id=p3_1764872141_P3olCYs-P6CnBSsB&previous_page_section_name=1000&federated_search_id=b460ada5-98f8-4baa-82fb-4a33bf1491e5
Apartment in Almaty,"₸79,151",https://www.airbnb.com/rooms/1565786736479931159?search_mode=regular_search&adults=1&check_in=2025-12-04&check_out=2025-12-09&children=0&infants=0&pets=0&source_impression_id=p3_1764872141_P3EtdBmswd9sLAbW&previous_page_section_name=1000&federated_search_id=b460ada5-98f8-4baa-82fb-4a33bf1491e5
Guest favorite,"₸203,626 ",https://www.airbnb.com/rooms/1185906502659339046?search_mode=regular_search&adults=1&check_in=2025-12-17&check_out=2025-12-22&children=0&infants=0&pets=0&source_impression_id=p3_1764872141_P3Ib7_end0CGTCB7&previous_page_section_name=1000&federated_search_id=b460ada5-98f8-4baa-82fb-4a33bf1491e5
Superhost,"₸115,640 ",https://www.airbnb.com/rooms/647702461458540723?search_mode=regular_search&adults=1&check_in=2025-12-08&check_out=2025-12-13&children=0&infants=0&pets=0&source_impression_id=p3_1764872141_P3Pvw4YEk_ocNI4W&previous_page_section_name=1000&federated_search_id=b460ada5-98f8-4baa-82fb-4a33bf1491e5
Guest favorite,"₸135,751",https://www.airbnb.com/rooms/1402083935753635094?search_mode=regular_search&adults=1&check_in=2025-12-04&check_out=2025-12-09&children=0&infants=0&pets=0&source_impression_id=p3_1764872141_P3p2V4yG5l9qJINp&previous_page_section_name=1000&federated_search_id=b460ada5-98f8-4baa-82fb-4a33bf1491e5
Superhost,"₸148,941 ",https://www.airbnb.com/rooms/1427394003434876159?search_mode=regular_search&adults=1&check_in=2025-12-19&check_out=2025-12-24&children=0&infants=0&pets=0&source_impression_id=p3_1764872141_P39yu9PM31L_LazP&previous_page_section_name=1000&federated_search_id=b460ada5-98f8-4baa-82fb-4a33bf1491e5
Guest favorite,"₸109,257 ",https://www.airbnb.com/rooms/1444832071383869268?search_mode=regular_search&adults=1&check_in=2025-12-04&check_out=2025-12-09&children=0&infants=0&pets=0&source_impression_id=p3_1764872141_P38aTmFIaabUI5gQ&previous_page_section_name=1000&federated_search_id=b460ada5-98f8-4baa-82fb-4a33bf1491e5
Superhost,"₸113,126",https://www.airbnb.com/rooms/1475965063233696218?search_mode=regular_search&adults=1&check_in=2025-12-07&check_out=2025-12-12&children=0&infants=0&pets=0&source_impression_id=p3_1764872141_P3i3O5FAy_9kv0og&previous_page_section_name=1000&federated_search_id=b460ada5-98f8-4baa-82fb-4a33bf1491e5
Superhost,"₸122,515",https://www.airbnb.com/rooms/993256848057288798?search_mode=regular_search&adults=1&check_in=2025-12-06&check_out=2025-12-11&children=0&infants=0&pets=0&source_impression_id=p3_1764872141_P3mTxuEqmIC_WqNm&previous_page_section_name=1000&federated_search_id=b460ada5-98f8-4baa-82fb-4a33bf1491e5
Apartment in Almaty,"₸124,793",https://www.airbnb.com/rooms/1543520288554495208?search_mode=regular_search&adults=1&check_in=2025-12-05&check_out=2025-12-10&children=0&infants=0&pets=0&source_impression_id=p3_1764872141_P3Bxno4uk5hr5IWJ&previous_page_section_name=1000&federated_search_id=b460ada5-98f8-4baa-82fb-4a33bf1491e5
Guest favorite,"₸131,965",https://www.airbnb.com/rooms/1314448840439806200?search_mode=regular_search&adults=1&check_in=2025-12-09&check_out=2025-12-14&children=0&infants=0&pets=0&source_impression_id=p3_1764872141_P3PBXoKS66yRIYd2&previous_page_section_name=1000&federated_search_id=b460ada5-98f8-4baa-82fb-4a33bf1491e5
Apartment in Almaty,"₸86,064",https://www.airbnb.com/rooms/1517139120794395517?search_mode=regular_search&adults=1&check_in=2025-12-08&check_out=2025-12-13&children=0&infants=0&pets=0&source_impression_id=p3_1764872141_P3LnC5KS6D-Lwv6s&previous_page_section_name=1000&federated_search_id=b460ada5-98f8-4baa-82fb-4a33bf1491e5
Apartment in Almaty,"₸137,272",https://www.airbnb.com/rooms/1543520128775203062?search_mode=regular_search&adults=1&check_in=2025-12-04&check_out=2025-12-09&children=0&infants=0&pets=0&source_impression_id=p3_1764872141_P3lIOxu2qOUG2hak&previous_page_section_name=1000&federated_search_id=b460ada5-98f8-4baa-82fb-4a33bf1491e5
Guest favorite,"₸192,127 ",https://www.airbnb.com/rooms/828680845327791250?search_mode=regular_search&adults=1&check_in=2025-12-06&check_out=2025-12-11&children=0&infants=0&pets=0&source_impression_id=p3_1764872141_P3Utt04AptVP_b2c&previous_page_section_name=1000&federated_search_id=b460ada5-98f8-4baa-82fb-4a33bf1491e5
Apartment in Almaty,"₸86,064",https://www.airbnb.com/rooms/1517139120794395517?search_mode=regular_search&adults=1&check_in=2025-12-08&check_out=2025-12-13&children=0&infants=0&pets=0&source_impression_id=p3_1764872152_P332BmwANr6HeK7U&previous_page_section_name=1000&federated_search_id=4349e640-6ea3-4d4f-9f05-768312f75d95
Apartment in Almaty,"₸155,489",https://www.airbnb.com/rooms/1195364363630324373?search_mode=regular_search&adults=1&check_in=2025-12-19&check_out=2025-12-24&children=0&infants=0&pets=0&source_impression_id=p3_1764872152_P3oiaUWBNI_KN2NZ&previous_page_section_name=1000&federated_search_id=4349e640-6ea3-4d4f-9f05-768312f75d95
Apartment in Almaty,"₸125,695 ",https://www.airbnb.com/rooms/1527997097398592435?search_mode=regular_search&adults=1&check_in=2025-12-04&check_out=2025-12-09&children=0&infants=0&pets=0&source_impression_id=p3_1764872152_P3W724RrwbUnE4pr&previous_page_section_name=1000&federated_search_id=4349e640-6ea3-4d4f-9f05-768312f75d95
Apartment in Almaty,"₸160,387",https://www.airbnb.com/rooms/985220736885184599?search_mode=regular_search&adults=1&check_in=2025-12-13&check_out=2025-12-18&children=0&infants=0&pets=0&source_impression_id=p3_1764872152_P3r-3aHNqlmzlOGg&previous_page_section_name=1000&federated_search_id=4349e640-6ea3-4d4f-9f05-768312f75d95
Apartment in Almaty,"₸135,751",https://www.airbnb.com/rooms/1401964219085844841?search_mode=regular_search&adults=1&check_in=2025-12-04&check_out=2025-12-09&children=0&infants=0&pets=0&source_impression_id=p3_1764872152_P3hsSvrUceX1R3sE&previous_page_section_name=1000&federated_search_id=4349e640-6ea3-4d4f-9f05-768312f75d95
Apartment in Almaty,"₸181,001 ",https://www.airbnb.com/rooms/1302918638960749253?search_mode=regular_search&adults=1&check_in=2025-12-15&check_out=2025-12-20&children=0&infants=0&pets=0&source_impression_id=p3_1764872152_P3Gk44VY2pnk-0km&previous_page_section_name=1000&federated_search_id=4349e640-6ea3-4d4f-9f05-768312f75d95
Apartment in Almaty,"₸136,128",https://www.airbnb.com/rooms/991388314561847665?search_mode=regular_search&adults=1&check_in=2025-12-05&check_out=2025-12-10&children=0&infants=0&pets=0&source_impression_id=p3_1764872152_P3XLP7PQeoSUZFv-&previous_page_section_name=1000&federated_search_id=4349e640-6ea3-4d4f-9f05-768312f75d95
Apartment in Almaty,"₸112,623 ",https://www.airbnb.com/rooms/576668951450414982?search_mode=regular_search&adults=1&check_in=2025-12-20&check_out=2025-12-25&children=0&infants=0&pets=0&source_impression_id=p3_1764872152_P3EKLtacYtAROn8P&previous_page_section_name=1000&federated_search_id=4349e640-6ea3-4d4f-9f05-768312f75d95
Apartment in Almaty,"₸57,376",https://www.airbnb.com/rooms/1542507330102889913?search_mode=regular_search&adults=1&check_in=2025-12-08&check_out=2025-12-13&children=0&infants=0&pets=0&source_impression_id=p3_1764872152_P3R2M66em5QgTgrf&previous_page_section_name=1000&federated_search_id=4349e640-6ea3-4d4f-9f05-768312f75d95
Apartment in Almaty,"₸130,841",https://www.airbnb.com/rooms/1167644789847459571?search_mode=regular_search&adults=1&check_in=2025-12-06&check_out=2025-12-11&children=0&infants=0&pets=0&source_impression_id=p3_1764872152_P3sTBLYy70ppudRO&previous_page_section_name=1000&federated_search_id=4349e640-6ea3-4d4f-9f05-768312f75d95
Apartment in Almaty,"₸149,895",https://www.airbnb.com/rooms/1422154322971744405?search_mode=regular_search&adults=1&check_in=2025-12-09&check_out=2025-12-14&children=0&infants=0&pets=0&source_impression_id=p3_1764872152_P3AEyfvj42YnyNPJ&previous_page_section_name=1000&federated_search_id=4349e640-6ea3-4d4f-9f05-768312f75d95
Apartment in Almaty,"₸132,539",https://www.airbnb.com/rooms/1553698043694469060?search_mode=regular_search&adults=1&check_in=2026-01-02&check_out=2026-01-07&children=0&infants=0&pets=0&source_impression_id=p3_1764872152_P3SrPAz6-y73yzV2&previous_page_section_name=1000&federated_search_id=4349e640-6ea3-4d4f-9f05-768312f75d95
Apartment in Almaty,"₸109,541 ",https://www.airbnb.com/rooms/1452921275883003871?search_mode=regular_search&adults=1&check_in=2025-12-04&check_out=2025-12-09&children=0&infants=0&pets=0&source_impression_id=p3_1764872152_P3f0RsGkkpfcNTtl&previous_page_section_name=1000&federated_search_id=4349e640-6ea3-4d4f-9f05-768312f75d95
Apartment in Almaty,"₸165,072 ",https://www.airbnb.com/rooms/1567404365447441541?search_mode=regular_search&adults=1&check_in=2025-12-04&check_out=2025-12-09&children=0&infants=0&pets=0&source_impression_id=p3_1764872152_P33ngfSBNeU5E-Fo&previous_page_section_name=1000&federated_search_id=4349e640-6ea3-4d4f-9f05-768312f75d95
Apartment in Almaty,"₸109,015",https://www.airbnb.com/rooms/1562889848595325166?search_mode=regular_search&adults=1&check_in=2025-12-04&check_out=2025-12-09&children=0&infants=0&pets=0&source_impression_id=p3_1764872152_P33Mj9z3buj3f9e-&previous_page_section_name=1000&federated_search_id=4349e640-6ea3-4d4f-9f05-768312f75d95
Apartment in Almaty,"₸149,178",https://www.airbnb.com/rooms/1408781920735082043?search_mode=regular_search&adults=1&check_in=2026-01-30&check_out=2026-02-04&children=0&infants=0&pets=0&source_impression_id=p3_1764872152_P3_SxIgFj_h57C5S&previous_page_section_name=1000&federated_search_id=4349e640-6ea3-4d4f-9f05-768312f75d95
Apartment in Almaty,"₸214,197",https://www.airbnb.com/rooms/762407174249595302?search_mode=regular_search&adults=1&check_in=2025-12-06&check_out=2025-12-11&children=0&infants=0&pets=0&source_impression_id=p3_1764872152_P3Iu6xXmQG3y23nc&previous_page_section_name=1000&federated_search_id=4349e640-6ea3-4d4f-9f05-768312f75d95
Apartment in Almaty,"₸100,408",https://www.airbnb.com/rooms/50590835?search_mode=regular_search&adults=1&check_in=2025-12-05&check_out=2025-12-10&children=0&infants=0&pets=0&source_impression_id=p3_1764872152_P3iaK21US4t2DoFz&previous_page_section_name=1000&federated_search_id=4349e640-6ea3-4d4f-9f05-768312f75d95
Apartment in Almaty,"₸168,224 ",https://www.airbnb.com/rooms/1465031595818814569?search_mode=regular_search&adults=1&check_in=2025-12-14&check_out=2025-12-19&children=0&infants=0&pets=0&source_impression_id=p3_1764872165_P3P5frnzPdPxtsDG&previous_page_section_name=1000&federated_search_id=7ea93646-6835-4791-8fdd-a09b87cdb350
Apartment in Almaty,"₸159,753 ",https://www.airbnb.com/rooms/1436152275452215976?search_mode=regular_search&adults=1&check_in=2025-12-04&check_out=2025-12-09&children=0&infants=0&pets=0&source_impression_id=p3_1764872165_P38qoenEfa2ylfsw&previous_page_section_name=1000&federated_search_id=7ea93646-6835-4791-8fdd-a09b87cdb350
Apartment in Almaty,"₸214,197",https://www.airbnb.com/rooms/762407174249595302?search_mode=regular_search&adults=1&check_in=2025-12-06&check_out=2025-12-11&children=0&infants=0&pets=0&source_impression_id=p3_1764872165_P3Jv55NVzpEumIwm&previous_page_section_name=1000&federated_search_id=7ea93646-6835-4791-8fdd-a09b87cdb350
Apartment in Almaty,"₸154,235 ",https://www.airbnb.com/rooms/50629479?search_mode=regular_search&adults=1&check_in=2025-12-11&check_out=2025-12-16&children=0&infants=0&pets=0&source_impression_id=p3_1764872165_P3vA1obvaK8JXBXO&previous_page_section_name=1000&federated_search_id=7ea93646-6835-4791-8fdd-a09b87cdb350
Apartment in Almaty,"₸169,374",https://www.airbnb.com/rooms/1167712473307180472?search_mode=regular_search&adults=1&check_in=2026-01-05&check_out=2026-01-10&children=0&infants=0&pets=0&source_impression_id=p3_1764872165_P3UaO2oj4B82yqOV&previous_page_section_name=1000&federated_search_id=7ea93646-6835-4791-8fdd-a09b87cdb350
Apartment in Almaty,"₸145,806 ",https://www.airbnb.com/rooms/1352728133997858026?search_mode=regular_search&adults=1&check_in=2025-12-07&check_out=2025-12-12&children=0&infants=0&pets=0&source_impression_id=p3_1764872165_P3EcKY6cHoMo0xLz&previous_page_section_name=1000&federated_search_id=7ea93646-6835-4791-8fdd-a09b87cdb350
Apartment in Almaty,"₸165,072 ",https://www.airbnb.com/rooms/1528881283124256919?search_mode=regular_search&adults=1&check_in=2025-12-04&check_out=2025-12-09&children=0&infants=0&pets=0&source_impression_id=p3_1764872165_P3rVyM9gc_9EZJ8Q&previous_page_section_name=1000&federated_search_id=7ea93646-6835-4791-8fdd-a09b87cdb350
Apartment in Almaty,"₸120,490",https://www.airbnb.com/rooms/1395784790985262078?search_mode=regular_search&adults=1&check_in=2025-12-08&check_out=2025-12-13&children=0&infants=0&pets=0&source_impression_id=p3_1764872165_P3tmaxSI0abIWkzX&previous_page_section_name=1000&federated_search_id=7ea93646-6835-4791-8fdd-a09b87cdb350
Apartment in Almaty,"₸196,800",https://www.airbnb.com/rooms/1255755109856668509?search_mode=regular_search&adults=1&check_in=2025-12-17&check_out=2025-12-22&children=0&infants=0&pets=0&source_impression_id=p3_1764872165_P3EaC7iF3STZ-_-B&previous_page_section_name=1000&federated_search_id=7ea93646-6835-4791-8fdd-a09b87cdb350
Apartment in Almaty,"₸111,913 ",https://www.airbnb.com/rooms/1567407597260323075?search_mode=regular_search&adults=1&check_in=2025-12-12&check_out=2025-12-17&children=0&infants=0&pets=0&source_impression_id=p3_1764872165_P3BVRVmcjbvBHCue&previous_page_section_name=1000&federated_search_id=7ea93646-6835-4791-8fdd-a09b87cdb350
Apartment in Almaty,"₸118,153 ",https://www.airbnb.com/rooms/1024641513998959928?search_mode=regular_search&adults=1&check_in=2025-12-05&check_out=2025-12-10&children=0&infants=0&pets=0&source_impression_id=p3_1764872165_P3d6bRXJKacSLLwY&previous_page_section_name=1000&federated_search_id=7ea93646-6835-4791-8fdd-a09b87cdb350
Apartment in Almaty,"₸115,640",https://www.airbnb.com/rooms/1427505025732392926?search_mode=regular_search&adults=1&check_in=2025-12-17&check_out=2025-12-22&children=0&infants=0&pets=0&source_impression_id=p3_1764872165_P3OfCTvro9VYxuTE&previous_page_section_name=1000&federated_search_id=7ea93646-6835-4791-8fdd-a09b87cdb350
Apartment in Almaty,"₸139,891 ",https://www.airbnb.com/rooms/1543520193615490188?search_mode=regular_search&adults=1&check_in=2025-12-06&check_out=2025-12-11&children=0&infants=0&pets=0&source_impression_id=p3_1764872165_P3mJZfUKSs0Z1FhF&previous_page_section_name=1000&federated_search_id=7ea93646-6835-4791-8fdd-a09b87cdb350
Apartment in Almaty,"₸109,115 ",https://www.airbnb.com/rooms/1566781009067911569?search_mode=regular_search&adults=1&check_in=2025-12-05&check_out=2025-12-10&children=0&infants=0&pets=0&source_impression_id=p3_1764872165_P3VntFWuyXo0SxVy&previous_page_section_name=1000&federated_search_id=7ea93646-6835-4791-8fdd-a09b87cdb350
Apartment in Almaty,"₸139,891 ",https://www.airbnb.com/rooms/1233061828963059253?search_mode=regular_search&adults=1&check_in=2025-12-05&check_out=2025-12-10&children=0&infants=0&pets=0&source_impression_id=p3_1764872165_P3HHz5EiaosQJcHW&previous_page_section_name=1000&federated_search_id=7ea93646-6835-4791-8fdd-a09b87cdb350
Apartment in Almaty,"₸128,700 ",https://www.airbnb.com/rooms/1567387634260849562?search_mode=regular_search&adults=1&check_in=2025-12-04&check_out=2025-12-09&children=0&infants=0&pets=0&source_impression_id=p3_1764872165_P3tjn2_HClrDkKrn&previous_page_section_name=1000&federated_search_id=7ea93646-6835-4791-8fdd-a09b87cdb350
Apartment in Almaty,"₸223,826 ",https://www.airbnb.com/rooms/1552134947267371710?search_mode=regular_search&adults=1&check_in=2025-12-12&check_out=2025-12-17&children=0&infants=0&pets=0&source_impression_id=p3_1764872165_P3IzdXa1MU3jodvm&previous_page_section_name=1000&federated_search_id=7ea93646-6835-4791-8fdd-a09b87cdb350
Apartment in Almaty,"₸135,751",https://www.airbnb.com/rooms/1130459908999167947?search_mode=regular_search&adults=1&check_in=2025-12-26&check_out=2025-12-31&children=0&infants=0&pets=0&source_impression_id=p3_1764872165_P3NpTz3nzHrr6Gzd&previous_page_section_name=1000&federated_search_id=7ea93646-6835-4791-8fdd-a09b87cdb350
Loft in Almaty,"₸194,185 ",https://www.airbnb.com/rooms/27723943?search_mode=regular_search&adults=1&check_in=2025-12-09&check_out=2025-12-14&children=0&infants=0&pets=0&source_impression_id=p3_1764872180_P3AJKlgcrZl3P4EP&previous_page_section_name=1000&federated_search_id=eb9014a0-fd74-41a5-93d6-6539d870e481
Apartment in Almaty,"₸118,153",https://www.airbnb.com/rooms/1565957361520000820?search_mode=regular_search&adults=1&check_in=2025-12-12&check_out=2025-12-17&children=0&infants=0&pets=0&source_impression_id=p3_1764872180_P3LHKPzq4kPaumi3&previous_page_section_name=1000&federated_search_id=eb9014a0-fd74-41a5-93d6-6539d870e481
Apartment in Almaty,"₸150,060 ",https://www.airbnb.com/rooms/1491387166880230745?search_mode=regular_search&adults=1&check_in=2025-12-07&check_out=2025-12-12&children=0&infants=0&pets=0&source_impression_id=p3_1764872180_P3Nb_5YpxHGCyhdZ&previous_page_section_name=1000&federated_search_id=eb9014a0-fd74-41a5-93d6-6539d870e481
Apartment in Almaty,"₸96,966",https://www.airbnb.com/rooms/1533295575293164775?search_mode=regular_search&adults=1&check_in=2025-12-16&check_out=2025-12-21&children=0&infants=0&pets=0&source_impression_id=p3_1764872180_P3UydlSXi6vU7ED2&previous_page_section_name=1000&federated_search_id=eb9014a0-fd74-41a5-93d6-6539d870e481
Apartment in Almaty,"₸160,653",https://www.airbnb.com/rooms/50402098?search_mode=regular_search&adults=1&check_in=2025-12-12&check_out=2025-12-17&children=0&infants=0&pets=0&source_impression_id=p3_1764872180_P3x1250fh4UpCBMC&previous_page_section_name=1000&federated_search_id=eb9014a0-fd74-41a5-93d6-6539d870e481
Apartment in Almaty,"₸157,784",https://www.airbnb.com/rooms/1418855831122630025?search_mode=regular_search&adults=1&check_in=2025-12-07&check_out=2025-12-12&children=0&infants=0&pets=0&source_impression_id=p3_1764872180_P3vQfJiVckwP6n41&previous_page_section_name=1000&federated_search_id=eb9014a0-fd74-41a5-93d6-6539d870e481
Apartment in Almaty,"₸155,300 ",https://www.airbnb.com/rooms/1382094294377861968?search_mode=regular_search&adults=1&check_in=2025-12-05&check_out=2025-12-10&children=0&infants=0&pets=0&source_impression_id=p3_1764872180_P3xJyWlGqKsDTHNh&previous_page_section_name=1000&federated_search_id=eb9014a0-fd74-41a5-93d6-6539d870e481
Apartment in Almaty,"₸112,593 ",https://www.airbnb.com/rooms/1532155193149824364?search_mode=regular_search&adults=1&check_in=2025-12-13&check_out=2025-12-18&children=0&infants=0&pets=0&source_impression_id=p3_1764872180_P3mP-OuCsLwfUxsu&previous_page_section_name=1000&federated_search_id=eb9014a0-fd74-41a5-93d6-6539d870e481
Apartment in Almaty,"₸164,612",https://www.airbnb.com/rooms/1203472939479218593?search_mode=regular_search&adults=1&check_in=2025-12-05&check_out=2025-12-10&children=0&infants=0&pets=0&source_impression_id=p3_1764872180_P3jselDkF9apE0_s&previous_page_section_name=1000&federated_search_id=eb9014a0-fd74-41a5-93d6-6539d870e481
Apartment in Almaty,"₸114,131",https://www.airbnb.com/rooms/1441833681948241719?search_mode=regular_search&adults=1&check_in=2025-12-11&check_out=2025-12-16&children=0&infants=0&pets=0&source_impression_id=p3_1764872180_P3nzJkvbgMAwezma&previous_page_section_name=1000&federated_search_id=eb9014a0-fd74-41a5-93d6-6539d870e481
Apartment in Almaty,"₸91,068",https://www.airbnb.com/rooms/1565172466672854833?search_mode=regular_search&adults=1&check_in=2025-12-15&check_out=2025-12-20&children=0&infants=0&pets=0&source_impression_id=p3_1764872180_P3wEEQP_vx51n4vV&previous_page_section_name=1000&federated_search_id=eb9014a0-fd74-41a5-93d6-6539d870e481
Apartment in Almaty,"₸136,128",https://www.airbnb.com/rooms/1216419268877099214?search_mode=regular_search&adults=1&check_in=2025-12-04&check_out=2025-12-09&children=0&infants=0&pets=0&source_impression_id=p3_1764872180_P3JuRS5nZaUwWWpL&previous_page_section_name=1000&federated_search_id=eb9014a0-fd74-41a5-93d6-6539d870e481
Apartment in Almaty,"₸98,794 ",https://www.airbnb.com/rooms/1192382811982513362?search_mode=regular_search&adults=1&check_in=2025-12-10&check_out=2025-12-15&children=0&infants=0&pets=0&source_impression_id=p3_1764872180_P3l7CPNkYAJtcjqR&previous_page_section_name=1000&federated_search_id=eb9014a0-fd74-41a5-93d6-6539d870e481
Apartment in Almaty,"₸135,751",https://www.airbnb.com/rooms/1421586424550606337?search_mode=regular_search&adults=1&check_in=2025-12-04&check_out=2025-12-09&children=0&infants=0&pets=0&source_impression_id=p3_1764872180_P3MZr9R5PkhDHWbd&previous_page_section_name=1000&federated_search_id=eb9014a0-fd74-41a5-93d6-6539d870e481
Apartment in Almaty,"₸104,317",https://www.airbnb.com/rooms/1274403609128080461?search_mode=regular_search&adults=1&check_in=2025-12-04&check_out=2025-12-09&children=0&infants=0&pets=0&source_impression_id=p3_1764872180_P3AbKvGVFTnthZS9&previous_page_section_name=1000&federated_search_id=eb9014a0-fd74-41a5-93d6-6539d870e481
Apartment in Almaty,"₸86,064",https://www.airbnb.com/rooms/1240550578442164927?search_mode=regular_search&adults=1&check_in=2025-12-07&check_out=2025-12-12&children=0&infants=0&pets=0&source_impression_id=p3_1764872180_P3aKfIFTrd1qnBty&previous_page_section_name=1000&federated_search_id=eb9014a0-fd74-41a5-93d6-6539d870e481
Apartment in Almaty,"₸137,703",https://www.airbnb.com/rooms/1405030385076571063?search_mode=regular_search&adults=1&check_in=2025-12-04&check_out=2025-12-09&children=0&infants=0&pets=0&source_impression_id=p3_1764872180_P3HpFBo_5kjj8EZ6&previous_page_section_name=1000&federated_search_id=eb9014a0-fd74-41a5-93d6-6539d870e481
Apartment in Almaty,"₸114,711 ",https://www.airbnb.com/rooms/1553558664936610113?search_mode=regular_search&adults=1&check_in=2025-12-08&check_out=2025-12-13&children=0&infants=0&pets=0&source_impression_id=p3_1764872180_P3DW1XBrx7ZiI3tx&previous_page_section_name=1000&federated_search_id=eb9014a0-fd74-41a5-93d6-6539d870e481
Apartment in Almaty,"₸114,711 ",https://www.airbnb.com/rooms/1553558664936610113?search_mode=regular_search&adults=1&check_in=2025-12-08&check_out=2025-12-13&children=0&infants=0&pets=0&source_impression_id=p3_1764872194_P3HiTNod3spxLmFS&previous_page_section_name=1000&federated_search_id=d205262b-818e-4ebc-9695-6aa383e3ce1b
Apartment in Almaty,"₸159,263 ",https://www.airbnb.com/rooms/1430478774758679299?search_mode=regular_search&adults=1&check_in=2025-12-07&check_out=2025-12-12&children=0&infants=0&pets=0&source_impression_id=p3_1764872194_P3zuzamriapd3dv5&previous_page_section_name=1000&federated_search_id=d205262b-818e-4ebc-9695-6aa383e3ce1b
Apartment in Almaty,"₸103,070",https://www.airbnb.com/rooms/1083352247719682791?search_mode=regular_search&adults=1&check_in=2025-12-08&check_out=2025-12-13&children=0&infants=0&pets=0&source_impression_id=p3_1764872194_P3afe9cLp50Kxtfs&previous_page_section_name=1000&federated_search_id=d205262b-818e-4ebc-9695-6aa383e3ce1b
Hotel in Almaty,"₸77,931 ",https://www.airbnb.com/rooms/1391802102709855339?search_mode=regular_search&adults=1&check_in=2025-12-10&check_out=2025-12-15&children=0&infants=0&pets=0&source_impression_id=p3_1764872194_P3PQrAg2PweZ3p7M&previous_page_section_name=1000&federated_search_id=d205262b-818e-4ebc-9695-6aa383e3ce1b
Apartment in Almaty,"₸119,070 ",https://www.airbnb.com/rooms/1508787926541475428?search_mode=regular_search&adults=1&check_in=2025-12-08&check_out=2025-12-13&children=0&infants=0&pets=0&source_impression_id=p3_1764872194_P353fFkeRtvdA3Rn&previous_page_section_name=1000&federated_search_id=d205262b-818e-4ebc-9695-6aa383e3ce1b
Apartment in Almaty,"₸113,126",https://www.airbnb.com/rooms/722066026342317202?search_mode=regular_search&adults=1&check_in=2025-12-04&check_out=2025-12-09&children=0&infants=0&pets=0&source_impression_id=p3_1764872194_P3iQDisxyb8jyDWf&previous_page_section_name=1000&federated_search_id=d205262b-818e-4ebc-9695-6aa383e3ce1b
Apartment in Almaty,"₸112,457",https://www.airbnb.com/rooms/1424923693349165340?search_mode=regular_search&adults=1&check_in=2025-12-07&check_out=2025-12-12&children=0&infants=0&pets=0&source_impression_id=p3_1764872194_P3DtKMKplL_jbOn0&previous_page_section_name=1000&federated_search_id=d205262b-818e-4ebc-9695-6aa383e3ce1b
Apartment in Almaty,"₸165,917",https://www.airbnb.com/rooms/1558753770827453415?search_mode=regular_search&adults=1&check_in=2025-12-07&check_out=2025-12-12&children=0&infants=0&pets=0&source_impression_id=p3_1764872194_P3YGlw9cuSkW7M2T&previous_page_section_name=1000&federated_search_id=d205262b-818e-4ebc-9695-6aa383e3ce1b
Apartment in Almaty,"₸96,966",https://www.airbnb.com/rooms/813800094590432300?search_mode=regular_search&adults=1&check_in=2025-12-04&check_out=2025-12-09&children=0&infants=0&pets=0&source_impression_id=p3_1764872194_P3jmC8qOagSXTvk5&previous_page_section_name=1000&federated_search_id=d205262b-818e-4ebc-9695-6aa383e3ce1b
Apartment in Almaty,"₸140,870",https://www.airbnb.com/rooms/1418255514843242530?search_mode=regular_search&adults=1&check_in=2025-12-08&check_out=2025-12-13&children=0&infants=0&pets=0&source_impression_id=p3_1764872194_P3MT3NdsbAH3jJ5x&previous_page_section_name=1000&federated_search_id=d205262b-818e-4ebc-9695-6aa383e3ce1b
Apartment in Almaty,"₸100,408",https://www.airbnb.com/rooms/1539980559094106575?search_mode=regular_search&adults=1&check_in=2025-12-07&check_out=2025-12-12&children=0&infants=0&pets=0&source_impression_id=p3_1764872194_P3Uj8XLgnrPJpRpF&previous_page_section_name=1000&federated_search_id=d205262b-818e-4ebc-9695-6aa383e3ce1b
Apartment in Almaty,"₸192,210",https://www.airbnb.com/rooms/17091521?search_mode=regular_search&adults=1&check_in=2025-12-18&check_out=2025-12-23&children=0&infants=0&pets=0&source_impression_id=p3_1764872194_P3Sx5r9BFraO-y9-&previous_page_section_name=1000&federated_search_id=d205262b-818e-4ebc-9695-6aa383e3ce1b
Apartment in Almaty,"₸125,695",https://www.airbnb.com/rooms/1414436623043868456?search_mode=regular_search&adults=1&check_in=2025-12-10&check_out=2025-12-15&children=0&infants=0&pets=0&source_impression_id=p3_1764872194_P30-jQXqH10iq9An&previous_page_section_name=1000&federated_search_id=d205262b-818e-4ebc-9695-6aa383e3ce1b
Apartment in Almaty,"₸154,235 ",https://www.airbnb.com/rooms/1428779831961706284?search_mode=regular_search&adults=1&check_in=2025-12-07&check_out=2025-12-12&children=0&infants=0&pets=0&source_impression_id=p3_1764872194_P3njuwF4WMkws-e1&previous_page_section_name=1000&federated_search_id=d205262b-818e-4ebc-9695-6aa383e3ce1b
Apartment in Almaty,"₸94,671",https://www.airbnb.com/rooms/1407257476055388467?search_mode=regular_search&adults=1&check_in=2025-12-04&check_out=2025-12-09&children=0&infants=0&pets=0&source_impression_id=p3_1764872194_P3geIS08nh6pKCuP&previous_page_section_name=1000&federated_search_id=d205262b-818e-4ebc-9695-6aa383e3ce1b
Apartment in Almaty,"₸125,223",https://www.airbnb.com/rooms/1510855807059951733?search_mode=regular_search&adults=1&check_in=2025-12-04&check_out=2025-12-09&children=0&infants=0&pets=0&source_impression_id=p3_1764872194_P3jy6_I2kANyQqsl&previous_page_section_name=1000&federated_search_id=d205262b-818e-4ebc-9695-6aa383e3ce1b
Apartment in Almaty,"₸129,670",https://www.airbnb.com/rooms/1452792001607672453?search_mode=regular_search&adults=1&check_in=2025-12-06&check_out=2025-12-11&children=0&infants=0&pets=0&source_impression_id=p3_1764872194_P3TVLngwELNYV_9T&previous_page_section_name=1000&federated_search_id=d205262b-818e-4ebc-9695-6aa383e3ce1b
Apartment in Almaty,"₸107,838 ",https://www.airbnb.com/rooms/923770834044753601?search_mode=regular_search&adults=1&check_in=2025-12-04&check_out=2025-12-09&children=0&infants=0&pets=0&source_impression_id=p3_1764872194_P371ru68x81CsEo3&previous_page_section_name=1000&federated_search_id=d205262b-818e-4ebc-9695-6aa383e3ce1b
Apartment in Almaty,"₸107,838 ",https://www.airbnb.com/rooms/923770834044753601?search_mode=regular_search&adults=1&check_in=2025-12-04&check_out=2025-12-09&children=0&infants=0&pets=0&source_impression_id=p3_1764872210_P3UlOpCFp9J1nEA4&previous_page_section_name=1000&federated_search_id=9bfa4177-e889-456c-9b27-b1e48772dac5
Apartment in Almaty,"₸103,070",https://www.airbnb.com/rooms/1124713676406806367?search_mode=regular_search&adults=1&check_in=2025-12-07&check_out=2025-12-12&children=0&infants=0&pets=0&source_impression_id=p3_1764872210_P3x76U2dDepcHs3-&previous_page_section_name=1000&federated_search_id=9bfa4177-e889-456c-9b27-b1e48772dac5
Apartment in Almaty,"₸111,884",https://www.airbnb.com/rooms/1405571354655870803?search_mode=regular_search&adults=1&check_in=2025-12-05&check_out=2025-12-10&children=0&infants=0&pets=0&source_impression_id=p3_1764872210_P3rSiyIaF-E7Mpy-&previous_page_section_name=1000&federated_search_id=9bfa4177-e889-456c-9b27-b1e48772dac5
Apartment in Almaty,"₸70,833 ",https://www.airbnb.com/rooms/1170805202233581948?search_mode=regular_search&adults=1&check_in=2025-12-18&check_out=2025-12-23&children=0&infants=0&pets=0&source_impression_id=p3_1764872210_P3r7kuMCfNfL7alD&previous_page_section_name=1000&federated_search_id=9bfa4177-e889-456c-9b27-b1e48772dac5
Apartment in Almaty,"₸100,438 ",https://www.airbnb.com/rooms/16224913?search_mode=regular_search&adults=1&check_in=2025-12-05&check_out=2025-12-10&children=0&infants=0&pets=0&source_impression_id=p3_1764872210_P3kUOQfqDlcEPNWO&previous_page_section_name=1000&federated_search_id=9bfa4177-e889-456c-9b27-b1e48772dac5
Apartment in Almaty,"₸123,932",https://www.airbnb.com/rooms/1368925698241618091?search_mode=regular_search&adults=1&check_in=2025-12-05&check_out=2025-12-10&children=0&infants=0&pets=0&source_impression_id=p3_1764872210_P30NU5F3gz407lD6&previous_page_section_name=1000&federated_search_id=9bfa4177-e889-456c-9b27-b1e48772dac5
Apartment in Almaty,"₸214,894 ",https://www.airbnb.com/rooms/1166141724083359053?search_mode=regular_search&adults=1&check_in=2025-12-12&check_out=2025-12-17&children=0&infants=0&pets=0&source_impression_id=p3_1764872210_P32HDd1o0SeE87sv&previous_page_section_name=1000&federated_search_id=9bfa4177-e889-456c-9b27-b1e48772dac5
Apartment in Almaty,"₸101,059",https://www.airbnb.com/rooms/1273274198297386156?search_mode=regular_search&adults=1&check_in=2025-12-11&check_out=2025-12-16&children=0&infants=0&pets=0&source_impression_id=p3_1764872210_P3wXBWrE_GSDFgJL&previous_page_section_name=1000&federated_search_id=9bfa4177-e889-456c-9b27-b1e48772dac5
Apartment in Almaty,"₸123,359",https://www.airbnb.com/rooms/1477245956855596663?search_mode=regular_search&adults=1&check_in=2025-12-05&check_out=2025-12-10&children=0&infants=0&pets=0&source_impression_id=p3_1764872210_P3bvs1sbKmz2W1xD&previous_page_section_name=1000&federated_search_id=9bfa4177-e889-456c-9b27-b1e48772dac5
Apartment in Almaty,"₸129,880 ",https://www.airbnb.com/rooms/1491386538391417953?search_mode=regular_search&adults=1&check_in=2025-12-09&check_out=2025-12-14&children=0&infants=0&pets=0&source_impression_id=p3_1764872210_P3Krgx2xubMJBiLV&previous_page_section_name=1000&federated_search_id=9bfa4177-e889-456c-9b27-b1e48772dac5
Apartment in Almaty,"₸123,104 ",https://www.airbnb.com/rooms/1547127603927138436?search_mode=regular_search&adults=1&check_in=2025-12-04&check_out=2025-12-09&children=0&infants=0&pets=0&source_impression_id=p3_1764872210_P3mL9G8xlDDhUz8_&previous_page_section_name=1000&federated_search_id=9bfa4177-e889-456c-9b27-b1e48772dac5
Apartment in Almaty,"₸103,520 ",https://www.airbnb.com/rooms/1567407286848535892?search_mode=regular_search&adults=1&check_in=2025-12-04&check_out=2025-12-09&children=0&infants=0&pets=0&source_impression_id=p3_1764872210_P3kUm-T8oZfHQqYl&previous_page_section_name=1000&federated_search_id=9bfa4177-e889-456c-9b27-b1e48772dac5
Apartment in Almaty,"₸99,586 ",https://www.airbnb.com/rooms/49623953?search_mode=regular_search&adults=1&check_in=2025-12-11&check_out=2025-12-16&children=0&infants=0&pets=0&source_impression_id=p3_1764872210_P3nRrIpesK3uF_kv&previous_page_section_name=1000&federated_search_id=9bfa4177-e889-456c-9b27-b1e48772dac5
Apartment in Almaty,"₸139,286",https://www.airbnb.com/rooms/1421822274914809143?search_mode=regular_search&adults=1&check_in=2025-12-08&check_out=2025-12-13&children=0&infants=0&pets=0&source_impression_id=p3_1764872210_P3JCM40ZEEZypXiw&previous_page_section_name=1000&federated_search_id=9bfa4177-e889-456c-9b27-b1e48772dac5
Apartment in Almaty,"₸172,513 ",https://www.airbnb.com/rooms/47362333?search_mode=regular_search&adults=1&check_in=2025-12-07&check_out=2025-12-12&children=0&infants=0&pets=0&source_impression_id=p3_1764872210_P34Tv9QPKb02PMwd&previous_page_section_name=1000&federated_search_id=9bfa4177-e889-456c-9b27-b1e48772dac5
Apartment in Almaty,"₸169,259",https://www.airbnb.com/rooms/1398658256410885665?search_mode=regular_search&adults=1&check_in=2025-12-16&check_out=2025-12-21&children=0&infants=0&pets=0&source_impression_id=p3_1764872210_P314vHObzSicn7cA&previous_page_section_name=1000&federated_search_id=9bfa4177-e889-456c-9b27-b1e48772dac5
Apartment in Almaty,"₸169,259",https://www.airbnb.com/rooms/1437533713159613024?search_mode=regular_search&adults=1&check_in=2026-01-09&check_out=2026-01-14&children=0&infants=0&pets=0&source_impression_id=p3_1764872210_P33C0A79hL0FlEIS&previous_page_section_name=1000&federated_search_id=9bfa4177-e889-456c-9b27-b1e48772dac5
Apartment in Almaty,"₸154,945 ",https://www.airbnb.com/rooms/1130341605626520684?search_mode=regular_search&adults=1&check_in=2025-12-06&check_out=2025-12-11&children=0&infants=0&pets=0&source_impression_id=p3_1764872210_P3PyTuxbeW_6QB52&previous_page_section_name=1000&federated_search_id=9bfa4177-e889-456c-9b27-b1e48772dac5
